Metric,Step,Value,Wall_Time
gradient_monitor/grad/reconstruction_norm,2093,1.0738701820373535,1783001253.7124693
gradient_monitor/grad/reconstruction_norm,4187,0.0030404289718717337,1783001855.2832556
gradient_monitor/grad/reconstruction_norm,8375,0.0014545947778970003,1783003060.41624
gradient_monitor/grad/reconstruction_norm,12563,0.0048654451966285706,1783004263.2555966
gradient_monitor/grad/reconstruction_norm,16751,0.011605949141085148,1783005465.112798
gradient_monitor/grad/reconstruction_norm,20939,0.0014024279080331326,1783006669.5769458
gradient_monitor/grad/reconstruction_norm,25127,0.002473127329722047,1783007871.6666367
gradient_monitor/grad/reconstruction_norm,29315,0.0015862458385527134,1783009076.477281
gradient_monitor/grad/reconstruction_norm,33503,0.0022624973207712173,1783010280.437419
gradient_monitor/grad/reconstruction_norm,37691,0.003616142785176635,1783011480.36891
gradient_monitor/grad/reconstruction_norm,41879,0.009481395594775677,1783012684.6603148
gradient_monitor/grad/reconstruction_norm,46067,0.015656670555472374,1783013887.4370337
gradient_monitor/grad/reconstruction_norm,48161,0.006377232261002064,1783014489.1536558
gradient_monitor/grad/reconstruction_norm,52349,0.0046914261765778065,1783015690.8257887
gradient_monitor/grad/reconstruction_norm,56537,0.0029911522287875414,1783016892.896654
gradient_monitor/grad/reconstruction_norm,60725,0.0022465272340923548,1783018093.7025523
gradient_monitor/grad/reconstruction_norm,64913,0.003007493680343032,1783019293.3443036
gradient_monitor/grad/reconstruction_norm,69101,0.002861280692741275,1783020492.9146972
gradient_monitor/grad/reconstruction_norm,73289,0.005744850262999535,1783021693.3353012
gradient_monitor/grad/reconstruction_norm,77477,0.004044967703521252,1783022895.148061
gradient_monitor/grad/reconstruction_norm,81665,0.007360576186329126,1783024097.5168772
gradient_monitor/grad/reconstruction_norm,85853,0.0025071080308407545,1783025299.8901582
gradient_monitor/grad/reconstruction_norm,90041,0.0333002507686615,1783026502.6465895
gradient_monitor/grad/reconstruction_norm,92135,0.005812800955027342,1783027104.4682722
gradient_monitor/grad/reconstruction_norm,96323,0.007403769064694643,1783028306.5516958
gradient_monitor/grad/reconstruction_norm,100511,0.002065993146970868,1783029506.7387168
gradient_monitor/grad/reconstruction_norm,104699,0.02475721389055252,1783030708.0324888
gradient_monitor/grad/reconstruction_proj_total,2093,1.073870062828064,1783001253.7124906
gradient_monitor/grad/reconstruction_proj_total,4187,0.003040419425815344,1783001855.283277
gradient_monitor/grad/reconstruction_proj_total,8375,0.0014545847661793232,1783003060.4162612
gradient_monitor/grad/reconstruction_proj_total,12563,0.00486543495208025,1783004263.255641
gradient_monitor/grad/reconstruction_proj_total,16751,0.011605938896536827,1783005465.1128192
gradient_monitor/grad/reconstruction_proj_total,20939,0.0014024176634848118,1783006669.5769675
gradient_monitor/grad/reconstruction_proj_total,25127,0.0024731175508350134,1783007871.6666584
gradient_monitor/grad/reconstruction_proj_total,29315,0.00158623605966568,1783009076.4773033
gradient_monitor/grad/reconstruction_proj_total,33503,0.002262487541884184,1783010280.43744
gradient_monitor/grad/reconstruction_proj_total,37691,0.003616132540628314,1783011480.36893
gradient_monitor/grad/reconstruction_proj_total,41879,0.009481384418904781,1783012684.660335
gradient_monitor/grad/reconstruction_proj_total,46067,0.015656663104891777,1783013887.4370542
gradient_monitor/grad/reconstruction_proj_total,48161,0.006377222016453743,1783014489.153676
gradient_monitor/grad/reconstruction_proj_total,52349,0.004691416397690773,1783015690.8258085
gradient_monitor/grad/reconstruction_proj_total,56537,0.0029911422170698643,1783016892.8966734
gradient_monitor/grad/reconstruction_proj_total,60725,0.002246516989544034,1783018093.7025726
gradient_monitor/grad/reconstruction_proj_total,64913,0.0030074836686253548,1783019293.344324
gradient_monitor/grad/reconstruction_proj_total,69101,0.0028612706810235977,1783020492.914717
gradient_monitor/grad/reconstruction_proj_total,73289,0.0057448409497737885,1783021693.3353217
gradient_monitor/grad/reconstruction_proj_total,77477,0.004044957458972931,1783022895.148081
gradient_monitor/grad/reconstruction_proj_total,81665,0.00736056687310338,1783024097.516897
gradient_monitor/grad/reconstruction_proj_total,85853,0.00250709755346179,1783025299.890178
gradient_monitor/grad/reconstruction_proj_total,90041,0.033300239592790604,1783026502.6466334
gradient_monitor/grad/reconstruction_proj_total,92135,0.005812791176140308,1783027104.4682918
gradient_monitor/grad/reconstruction_proj_total,96323,0.007403757888823748,1783028306.5517163
gradient_monitor/grad/reconstruction_proj_total,100511,0.002065983135253191,1783029506.7387369
gradient_monitor/grad/reconstruction_proj_total,104699,0.024757200852036476,1783030708.0325086
gradient_monitor/grad/reconstruction_cos_total,2093,1.0,1783001253.71248
gradient_monitor/grad/reconstruction_cos_total,4187,1.0000001192092896,1783001855.2832663
gradient_monitor/grad/reconstruction_cos_total,8375,0.9999999403953552,1783003060.4162507
gradient_monitor/grad/reconstruction_cos_total,12563,0.9999998807907104,1783004263.2556298
gradient_monitor/grad/reconstruction_cos_total,16751,1.0,1783005465.1128087
gradient_monitor/grad/reconstruction_cos_total,20939,0.9999998807907104,1783006669.576957
gradient_monitor/grad/reconstruction_cos_total,25127,1.0,1783007871.6666481
gradient_monitor/grad/reconstruction_cos_total,29315,1.0000001192092896,1783009076.4772923
gradient_monitor/grad/reconstruction_cos_total,33503,1.0,1783010280.4374297
gradient_monitor/grad/reconstruction_cos_total,37691,1.0,1783011480.3689203
gradient_monitor/grad/reconstruction_cos_total,41879,0.9999999403953552,1783012684.660325
gradient_monitor/grad/reconstruction_cos_total,46067,1.0000001192092896,1783013887.437044
gradient_monitor/grad/reconstruction_cos_total,48161,1.0000001192092896,1783014489.1536663
gradient_monitor/grad/reconstruction_cos_total,52349,1.0000001192092896,1783015690.8257987
gradient_monitor/grad/reconstruction_cos_total,56537,1.0,1783016892.896664
gradient_monitor/grad/reconstruction_cos_total,60725,1.0,1783018093.7025626
gradient_monitor/grad/reconstruction_cos_total,64913,1.0,1783019293.3443139
gradient_monitor/grad/reconstruction_cos_total,69101,1.0,1783020492.9147072
gradient_monitor/grad/reconstruction_cos_total,73289,1.0000001192092896,1783021693.335312
gradient_monitor/grad/reconstruction_cos_total,77477,0.9999998807907104,1783022895.1480715
gradient_monitor/grad/reconstruction_cos_total,81665,1.0000001192092896,1783024097.5168872
gradient_monitor/grad/reconstruction_cos_total,85853,0.9999999403953552,1783025299.8901684
gradient_monitor/grad/reconstruction_cos_total,90041,0.9999999403953552,1783026502.6465998
gradient_monitor/grad/reconstruction_cos_total,92135,0.9999999403953552,1783027104.4682825
gradient_monitor/grad/reconstruction_cos_total,96323,0.9999998807907104,1783028306.5517058
gradient_monitor/grad/reconstruction_cos_total,100511,1.0000001192092896,1783029506.7387269
gradient_monitor/grad/reconstruction_cos_total,104699,1.0,1783030708.0324988
gradient_monitor/grad/total_norm,2093,1.0738701820373535,1783001253.7124581
gradient_monitor/grad/total_norm,4187,0.0030404289718717337,1783001855.2832446
gradient_monitor/grad/total_norm,8375,0.0014545946614816785,1783003060.4162285
gradient_monitor/grad/total_norm,12563,0.0048654451966285706,1783004263.2555845
gradient_monitor/grad/total_norm,16751,0.011605949141085148,1783005465.112787
gradient_monitor/grad/total_norm,20939,0.0014024279080331326,1783006669.5769346
gradient_monitor/grad/total_norm,25127,0.002473127329722047,1783007871.6665986
gradient_monitor/grad/total_norm,29315,0.0015862458385527134,1783009076.4772701
gradient_monitor/grad/total_norm,33503,0.0022624973207712173,1783010280.437408
gradient_monitor/grad/total_norm,37691,0.003616142785176635,1783011480.3688996
gradient_monitor/grad/total_norm,41879,0.009481395594775677,1783012684.6603038
gradient_monitor/grad/total_norm,46067,0.015656668692827225,1783013887.4370227
gradient_monitor/grad/total_norm,48161,0.006377232261002064,1783014489.153645
gradient_monitor/grad/total_norm,52349,0.0046914261765778065,1783015690.8257782
gradient_monitor/grad/total_norm,56537,0.0029911522287875414,1783016892.896643
gradient_monitor/grad/total_norm,60725,0.0022465272340923548,1783018093.7025397
gradient_monitor/grad/total_norm,64913,0.003007493680343032,1783019293.3442929
gradient_monitor/grad/total_norm,69101,0.002861280692741275,1783020492.9146867
gradient_monitor/grad/total_norm,73289,0.005744850262999535,1783021693.3352904
gradient_monitor/grad/total_norm,77477,0.004044967703521252,1783022895.14805
gradient_monitor/grad/total_norm,81665,0.007360576186329126,1783024097.516866
gradient_monitor/grad/total_norm,85853,0.0025071080308407545,1783025299.8901465
gradient_monitor/grad/total_norm,90041,0.0333002507686615,1783026502.646579
gradient_monitor/grad/total_norm,92135,0.005812800955027342,1783027104.4682617
gradient_monitor/grad/total_norm,96323,0.007403769064694643,1783028306.5516853
gradient_monitor/grad/total_norm,100511,0.002065993146970868,1783029506.738706
gradient_monitor/grad/total_norm,104699,0.02475721389055252,1783030708.032478
train/reconstruction_loss,2093,0.021731875836849213,1783001253.7123938
train/reconstruction_loss,4187,0.012269331142306328,1783001855.2831728
train/reconstruction_loss,6281,0.010051139630377293,1783002458.447483
train/reconstruction_loss,8375,0.009096795693039894,1783003060.416167
train/reconstruction_loss,10469,0.008553300984203815,1783003660.4773514
train/reconstruction_loss,12563,0.008109956979751587,1783004263.2555165
train/reconstruction_loss,14657,0.0077473875135183334,1783004863.660657
train/reconstruction_loss,16751,0.007504419423639774,1783005465.1127274
train/reconstruction_loss,18845,0.0073218801990151405,1783006066.9450498
train/reconstruction_loss,20939,0.00710993492975831,1783006669.576874
train/reconstruction_loss,23033,0.006993042305111885,1783007270.5460405
train/reconstruction_loss,25127,0.006841243710368872,1783007871.6665308
train/reconstruction_loss,27221,0.006675540469586849,1783008473.768113
train/reconstruction_loss,29315,0.0064717428758740425,1783009076.4772024
train/reconstruction_loss,31409,0.0061478521674871445,1783009678.1031494
train/reconstruction_loss,33503,0.005876405630260706,1783010280.4373462
train/reconstruction_loss,35597,0.005661159288138151,1783010879.8636935
train/reconstruction_loss,37691,0.005473406054079533,1783011480.3688414
train/reconstruction_loss,39785,0.005317382514476776,1783012081.7503734
train/reconstruction_loss,41879,0.0052361576817929745,1783012684.6602447
train/reconstruction_loss,43973,0.005180054344236851,1783013285.8749483
train/reconstruction_loss,46067,0.005113509949296713,1783013887.4369595
train/reconstruction_loss,48161,0.005079326685518026,1783014489.153559
train/reconstruction_loss,50255,0.0050250026397407055,1783015089.849177
train/reconstruction_loss,52349,0.004950216505676508,1783015690.8257174
train/reconstruction_loss,54443,0.0049021318554878235,1783016291.798086
train/reconstruction_loss,56537,0.0047746081836521626,1783016892.8965578
train/reconstruction_loss,58631,0.004684444051235914,1783017493.8081222
train/reconstruction_loss,60725,0.004601340275257826,1783018093.7024753
train/reconstruction_loss,62819,0.004533984698355198,1783018693.7045405
train/reconstruction_loss,64913,0.004492458887398243,1783019293.3442345
train/reconstruction_loss,67007,0.0044739036820828915,1783019892.8902023
train/reconstruction_loss,69101,0.0043922774493694305,1783020492.9146223
train/reconstruction_loss,71195,0.004404745064675808,1783021092.6395197
train/reconstruction_loss,73289,0.004406210966408253,1783021693.3352308
train/reconstruction_loss,75383,0.004338136408478022,1783022294.9813652
train/reconstruction_loss,77477,0.004313835874199867,1783022895.1479897
train/reconstruction_loss,79571,0.004289611242711544,1783023496.0339577
train/reconstruction_loss,81665,0.004259387031197548,1783024097.516805
train/reconstruction_loss,83759,0.004279849585145712,1783024698.6221564
train/reconstruction_loss,85853,0.004236340988427401,1783025299.8900857
train/reconstruction_loss,87947,0.004222354386001825,1783025901.3112204
train/reconstruction_loss,90041,0.0042426567524671555,1783026502.6465163
train/reconstruction_loss,92135,0.004264104645699263,1783027104.4682004
train/reconstruction_loss,94229,0.0042127761989831924,1783027706.360717
train/reconstruction_loss,96323,0.0042454544454813,1783028306.5515993
train/reconstruction_loss,98417,0.004220795817673206,1783028906.6833253
train/reconstruction_loss,100511,0.004211292136460543,1783029506.738642
train/reconstruction_loss,102605,0.0042321751825511456,1783030107.9328647
train/reconstruction_loss,104699,0.004231140948832035,1783030708.0324187
